-- INSERT INTO coach (id_coach, pseudo, prenom, nom) VALUES
-- (11, 'Hirai', 'Kang', 'Dong-hoon'),
-- (12, 'Kim',	'Kim', 'Jung-su'),
-- (13, 'DanDy', 'Choi', 'In-kyu'),
-- (14, 'Zefa'	,'Lee', 'Jae-min'),
-- (15, 'kkOma', 'Kim', 'Jeong-gyun'),
-- (16, 'Micro', 'Kim', 'Mok-kyoung'),
-- (17, 'Ryu', 'Yoo', 'Sang-wook'),
-- (18, 'Edgar', 'Choi', 'Woo-beom'),
-- (19, 'Irean', 'Heo', 'Yeong-cheol'),
-- (20, 'cvMax', 'Kim', 'Dae-ho');

-- INSERT INTO coach (id_coach, pseudo, prenom, nom) VALUES
-- (21, 'mithy', 'Alfonso', 'Aguirre Rodríguez'),
-- (22, 'Spookz', 'Samuel', 'Broadley'),
-- (23, 'Razvan', 'Razvan', 'Nistor'),
-- (24, 'Spawn', 'Jake', 'Tiberi'),
-- (25, 'Thinkcard', 'Thomas', 'Slotkin'),
-- (26, 'Reginald', 'Andy', 'Dinh'),
-- (27, 'Enatron', 'Ilias', 'Theodorou'),
-- (28, 'Goldenglue', 'Greyson','Gilmer'),
-- (29, 'Nukeduck', 'Erlend', 'Våtevik Holm'),
-- (30, 'Sharkz', 'Alexey','Taranda');

INSERT INTO coach (id_coach, pseudo, prenom, nom) VALUES
(31, 'Striker', 'Yanis', 'Kella'),
(32, 'Hidon', 'Jonas', 'Vraa'),
(33, 'Dylan Falco', 'Dylan', 'Falco'),
(34, 'Carter', 'Alexander', 'Cartwright'),
(35, 'Swiffer', 'Simon', 'Papamarkos'),
(36, 'Nightshare', 'Tomáš', 'Kněžínek'),
(37, 'Reha', 'Rehareha', 'Ramanana'),
(38, 'Melzhet', 'Tomás', 'Campelos Fernandez'),
(39, 'Peter Dun', 'Peter', 'Christopher Dun'),
(40, 'fredy122', 'Simon', 'Payne'),
(41, 'fredy122', 'Simon', 'Payne'),
(42, 'fredy122', 'Simon', 'Payne'),
(43, 'fredy122', 'Simon', 'Payne'),
(44, 'fredy122', 'Simon', 'Payne'),
(45, 'fredy122', 'Simon', 'Payne'),
(46, 'fredy122', 'Simon', 'Payne'),
(47, 'fredy122', 'Simon', 'Payne');

-- COACH --

-- EQUIPE --

-- INSERT INTO equipe (id_equipe, nom, champion, id_ligue, id_coach, classement, victoire, defaite) VALUES
-- (11, 'KT Rolster', FALSE, 2, 11, 1, 17, 1),
-- (12, 'Gen.G Esports', TRUE, 2, 12, 2, 16, 2),
-- (13, 'Hanwha Life Esports', FALSE, 2, 13, 3, 12, 6),
-- (14, 'Dplus', FALSE, 2, 14, 4, 11, 7),
-- (15, 'T1', FALSE, 2, 15, 5, 9, 9),
-- (16, 'DRX', FALSE, 2, 16, 6, 6, 12),
-- (17, 'SANDBOX Gaming', FALSE, 2, 17, 7, 5, 13),
-- (18, 'BRION', FALSE, 2, 18, 8, 5, 13),
-- (19, 'Nongshim RedForce', FALSE, 2, 19, 9, 5, 13),
-- (20, 'Freecs', FALSE, 2, 20, 10, 4, 14);

-- INSERT INTO equipe (id_equipe, nom, champion, id_ligue, id_coach, classement, victoire, defaite) VALUES
-- (21, 'Cloud9', FALSE, 4, 21, 1, 13,5),
-- (22, 'Golden Guardians', FALSE, 4, 22, 2, 13,5),
-- (23, 'Evil Geniuses', FALSE, 4, 23, 3, 12,6),
-- (24, 'Team Liquid', FALSE, 4, 24, 4, 10,8),
-- (25, 'NRG', TRUE, 4, 25, 5, 9,9),
-- (26, 'TSM', FALSE, 4, 26, 6, 8,10),
-- (27, 'Dignitas', FALSE, 4, 27, 7, 7,11),
-- (28, '100 Thieves', FALSE, 4, 28, 8, 7,11),
-- (29, 'FlyQuest', FALSE, 4, 29, 9, 6,12),
-- (30, 'Immortals', FALSE, 4, 30, 10, 5,13);




INSERT INTO equipe (id_equipe, nom, champion, id_ligue, id_coach, classement, victoire, defaite) VALUES
(31, 'Team BDS', FALSE, 4, 31,NULL, NULL, NULL),
(32, 'GIANTX', FALSE, 4, 32,NULL, NULL, NULL),
(33, 'G2 Esports', TRUE, 4, 33,NULL, NULL, NULL),
(34, 'Team Vitality', FALSE, 4, 34,NULL, NULL, NULL),
(35, 'SK Gaming', FALSE, 4, 35,NULL, NULL, NULL),
(36, 'Fnatic', FALSE, 4, 36,NULL, NULL, NULL),
(37, 'Karmine Corp', FALSE, 4, 37,NULL, NULL, NULL),
(38, 'MAD Lions KOI', FALSE, 4, 38,NULL, NULL, NULL),
(39, 'Team Heretics', FALSE, 4, 39,NULL, NULL, NULL),
(40, 'Rogue', FALSE, 4, 40,NULL, NULL, NULL),
(41, 'Rogue', FALSE, 4, 41,NULL, NULL, NULL),
(42, 'Rogue', FALSE, 4, 42,NULL, NULL, NULL),
(43, 'Rogue', FALSE, 4, 43,NULL, NULL, NULL),
(44, 'Rogue', FALSE, 4, 44,NULL, NULL, NULL),
(45, 'Rogue', FALSE, 4, 45,NULL, NULL, NULL),
(46, 'Rogue', FALSE, 4, 46,NULL, NULL, NULL),
(47, 'Rogue', FALSE, 4, 47,NULL, NULL, NULL);


Bilibili Gaming	15-1
JD Gaming	14-2
LNG Esports	12-4
Top Esports	12-4
Oh My God	11-5
Royal Never Give Up▲1	8-8
EDward Gaming 8-8
Team WE	7-9
Ninjas in Pyjamas	7-9
FunPlus Phoenix	6-10
Invictus Gaming	6-10
ThunderTalk Gaming	5-11
Ultra Prime	5-11
Rare Atom	4-12
Anyone s Legend 4-12
LGD Gaming	2-14

-- EQUIPE --

-- JOUEUR --

INSERT INTO joueur (id_joueur, pseudo, prenom, nom, date_naissance, nationalite, date_rejoindre, id_role, id_equipe) VALUES
(1, 'Adam', 'Adam', 'Maanane', '2001-12-30', 'France', '2022-12-20', 1, 1),
(2, 'Sheo', 'Théo', 'Borile', '2001-07-05', 'France', '2022-12-20', 2, 1),
(3, 'nuc', 'Ilias', 'Bizriken', '2002-10-02', 'France', '2021-12-20', 3, 1),
(4, 'Ice', 'Yoon ', 'Sang-hoon', '2001-04-09', 'Corée du Sud', '2023-12-22', 4, 1),
(5, 'Labrov', 'Labros', 'Papoutsakis', '2002-02-12', 'Grèce', '2022-12-20', 5, 1),
(6, 'Odoamne', 'Andrei ', 'Pascu ', '1995-01-18', 'Roumanie', '2023-12-14', 1, 2),
(7, 'Peach', 'Lee ', 'Min-gyu', '2000-03-28', 'Corée du Sud', '2024-02-21', 2, 2),
(8, 'Jackies', 'Adam', 'Jeřábek', '2004-10-06', 'Tchèque', '2023-12-14', 3, 2),
(9, 'Patrik', 'Patrik ', 'Jírů ', '2000-04-07', 'Tchèque', '2023-12-14', 4, 2),
(10, 'IgNar', 'Lee', 'Dong-geun', '1996-11-20', 'Corée du Sud', '2023-12-14', 5, 2),
(11, 'BrokenBlade', 'Sergen', 'Çelik', '2000-01-19', 'Allemagne', '2022-12-03', 1, 3),
(12, 'Yike', 'Martin', 'Sundelin', '2000-11-11', 'Suède', '2022-12-22', 2, 3),
(13, 'Caps', 'Rasmus', 'Borregaard Winther', '1999-11-17', 'Danemark', '2020-05-06', 3, 3),
(14, 'Hans sama', 'Steven', 'Liv', '1999-09-02', 'France', '2022-12-22', 4, 3),
(15, 'Mikyx', 'Mihael', 'Mehle', '1998-11-02', 'Slovénie', '2022-12-22', 5, 3),
(16, 'Photon', 'Kyeong', 'Gyu-tae', '2001-11-30', 'Corée du Sud', '2022-12-23', 1, 4),
(17, 'Daglas', 'Kacper', 'Dagiel', '2005-10-23', 'Pologne', '2023-12-19', 2, 4),
(18, 'Vetheo', 'Vincent', 'Berrié', '2002-07-26', 'France', '2023-12-19', 3, 4),
(19, 'Carzzy', 'Matyáš', 'Orság', '2002-01-31', 'Tchèque', '2023-12-19', 4, 4),
(20, 'Hylissang', 'Zdravets', 'Iliev Galabov', '1995-04-30', 'Bulgare', '2023-12-19', 5, 4),
(21, 'Irrelevant', 'Joel', 'Miro Scharoll', '2001-10-22', 'Allemagne', '2022-12-15', 1, 5),
(22, 'Isma', 'Ismaïl ', 'Boualem', NULL, 'Belgique', '2023-12-21', 2, 5),
(23, 'Nisqy', 'Yasin ', 'Dinçer ', '1998-07-28', 'BelgiUZ', '2023-12-21', 3, 5),
(24, 'Exakick', 'Thomas', 'Foucou', '2003-09-28', 'France', '2022-12-15', 4, 5),
(25, 'Doss', 'Mads', 'Schwartz', '1999-03-19', 'Danemark', '2022-12-15', 5, 5),
(26, 'Oscarinin', 'Óscar', 'Muñoz Jiménez', '2003-06-11', 'Espagne', '2023-03-02', 1, 6),
(27, 'Razork', 'Iván', 'Martín Díaz', '2000-10-07', 'Espagne', '2021-12-10', 2, 6),
(28, 'Humanoid', 'Marek', 'Brázda', '2000-03-14', 'Tchéque', '2022-01-01', 3, 6),
(29, 'Noah', 'Oh', 'Hyeon-taek', '2001-10-04', 'Corée du Sud', '2023-06-10', 4, 6),
(30, 'Jun', 'Yoon ', 'Se-jun', '2000-08-02', 'Corée du Sud', '2023-12-02', 5, 6),
(31, 'Cabochard', 'Lucas ', 'Simon-Meslet', '1997-04-15', 'France', '2021-05-29', 1, 7),
(32, 'Bo', 'Zhou ', 'Yangbo', '2002-04-22', 'Chine', '2024-01-03', 2, 7),
(33, 'Saken', 'Lucas', 'Fayard ', '1998-11-05', 'France', '2020-12-23', 3, 7),
(34, 'Upset', 'Elias', 'Lipp', '1999-12-16', 'Allemagne', '2024-01-03', 4, 7),
(35, 'Targamas', 'Raphaël', 'Crabbé', '2000-06-30', 'Belgique', '2023-05-23', 5, 7),
(36, 'Myrwn', 'Alex', 'Villarejo ', '2003-06-13', 'Espagne', '2024-01-04', 1, 8),
(37, 'Elyoya', 'Javier', 'Prades', '2000-03-13', 'Espagne', '2020-11-24', 2, 8),
(38, 'Fresskowy', 'Bartłomiej', 'Przewoźnik ', '1999-11-26', 'Pologne', '2024-01-04', 3, 8),
(39, 'Supa', 'David ', 'Garcia', '2000-10-23', 'Espagne', '2024-01-04', 4, 8),
(40, 'Alvaro', 'Alvaro Fernández', 'del Amo', '2003-07-15', 'Espagne', '2024-01-04', 5, 8),
(41, 'Wunder', 'Martin', 'Nordahl Hansen', '1998-11-09', 'Danemark', '2023-12-05', 1, 9),
(42, 'Jankos', 'Marcin', 'Jankowski', '1995-07-23', 'Pologne', '2022-12-10', 2, 9),
(43, 'Perkz', 'Luka', 'Perković', '1998-09-30', 'Croatie', '2023-12-05', 3, 9),
(44, 'Flakked', 'Victor', 'Lirola Tortosa', '2000-12-05', 'Espagne', '2023-05-31', 4, 9),
(45, 'Kaiser', 'Norman ', 'Kaiser', '1998-11-19', 'Allemagne', '2023-12-05', 5, 9),
(46, 'Szygenda', 'Mathias', 'Jensen', '2001-04-14', 'Danemark', '2023-11-22', 1, 10),
(47, 'Finn', 'Finn', 'Wiestål', '1999-06-03', 'Suédois', '2024-02-15', 1, 10),
(48, 'Markoon', 'Mark ', 'van Woensel', '2002-06-28', 'Pays-Bas', '2023-12-19', 2, 10),
(49, 'Larssen', 'Emil ', 'Larsson ', '2000-03-30', 'Suédois', '2023-11-22', 3, 10),
(50, 'Comp', 'Markos', 'Stamkopoulos', '2001-12-20', 'Grèce', '2023-11-22', 4, 10),
(51, 'Zoelys', 'Théo ', 'Le Scornec', '2003-05-16', 'France', '2023-12-20', 5, 10);


INSERT INTO joueur (id_joueur, pseudo, prenom, nom, date_naissance, nationalite, date_rejoindre, id_role, id_equipe) VALUES
(1, 'Adam', 'Adam', 'Maanane', '2001-12-30', 'France', '2022-12-20', 1, 1),
(2, 'Sheo', 'Théo', 'Borile', '2001-07-05', 'France', '2022-12-20', 2, 1),
(3, 'nuc', 'Ilias', 'Bizriken', '2002-10-02', 'France', '2021-12-20', 3, 1),
(4, 'Ice', 'Yoon ', 'Sang-hoon', '2001-04-09', 'Corée du Sud', '2023-12-22', 4, 1),
(5, 'Labrov', 'Labros', 'Papoutsakis', '2002-02-12', 'Grèce', '2022-12-20', 5, 1),
(6, 'Odoamne', 'Andrei ', 'Pascu ', '1995-01-18', 'Roumanie', '2023-12-14', 1, 2),
(7, 'Peach', 'Lee ', 'Min-gyu', '2000-03-28', 'Corée du Sud', '2024-02-21', 2, 2),
(8, 'Jackies', 'Adam', 'Jeřábek', '2004-10-06', 'Tchèque', '2023-12-14', 3, 2),
(9, 'Patrik', 'Patrik ', 'Jírů ', '2000-04-07', 'Tchèque', '2023-12-14', 4, 2),
(10, 'IgNar', 'Lee', 'Dong-geun', '1996-11-20', 'Corée du Sud', '2023-12-14', 5, 2),
(11, 'BrokenBlade', 'Sergen', 'Çelik', '2000-01-19', 'Allemagne', '2022-12-03', 1, 3),
(12, 'Yike', 'Martin', 'Sundelin', '2000-11-11', 'Suède', '2022-12-22', 2, 3),
(13, 'Caps', 'Rasmus', 'Borregaard Winther', '1999-11-17', 'Danemark', '2020-05-06', 3, 3),
(14, 'Hans sama', 'Steven', 'Liv', '1999-09-02', 'France', '2022-12-22', 4, 3),
(15, 'Mikyx', 'Mihael', 'Mehle', '1998-11-02', 'Slovénie', '2022-12-22', 5, 3),
(16, 'Photon', 'Kyeong', 'Gyu-tae', '2001-11-30', 'Corée du Sud', '2022-12-23', 1, 4),
(17, 'Daglas', 'Kacper', 'Dagiel', '2005-10-23', 'Pologne', '2023-12-19', 2, 4),
(18, 'Vetheo', 'Vincent', 'Berrié', '2002-07-26', 'France', '2023-12-19', 3, 4),
(19, 'Carzzy', 'Matyáš', 'Orság', '2002-01-31', 'Tchèque', '2023-12-19', 4, 4),
(20, 'Hylissang', 'Zdravets', 'Iliev Galabov', '1995-04-30', 'Bulgare', '2023-12-19', 5, 4),
(21, 'Irrelevant', 'Joel', 'Miro Scharoll', '2001-10-22', 'Allemagne', '2022-12-15', 1, 5),
(22, 'Isma', 'Ismaïl ', 'Boualem', NULL, 'Belgique', '2023-12-21', 2, 5),
(23, 'Nisqy', 'Yasin ', 'Dinçer ', '1998-07-28', 'BelgiUZ', '2023-12-21', 3, 5),
(24, 'Exakick', 'Thomas', 'Foucou', '2003-09-28', 'France', '2022-12-15', 4, 5),
(25, 'Doss', 'Mads', 'Schwartz', '1999-03-19', 'Danemark', '2022-12-15', 5, 5),
(26, 'Oscarinin', 'Óscar', 'Muñoz Jiménez', '2003-06-11', 'Espagne', '2023-03-02', 1, 6),
(27, 'Razork', 'Iván', 'Martín Díaz', '2000-10-07', 'Espagne', '2021-12-10', 2, 6),
(28, 'Humanoid', 'Marek', 'Brázda', '2000-03-14', 'Tchéque', '2022-01-01', 3, 6),
(29, 'Noah', 'Oh', 'Hyeon-taek', '2001-10-04', 'Corée du Sud', '2023-06-10', 4, 6),
(30, 'Jun', 'Yoon ', 'Se-jun', '2000-08-02', 'Corée du Sud', '2023-12-02', 5, 6),
(31, 'Cabochard', 'Lucas ', 'Simon-Meslet', '1997-04-15', 'France', '2021-05-29', 1, 7),
(32, 'Bo', 'Zhou ', 'Yangbo', '2002-04-22', 'Chine', '2024-01-03', 2, 7),
(33, 'Saken', 'Lucas', 'Fayard ', '1998-11-05', 'France', '2020-12-23', 3, 7),
(34, 'Upset', 'Elias', 'Lipp', '1999-12-16', 'Allemagne', '2024-01-03', 4, 7),
(35, 'Targamas', 'Raphaël', 'Crabbé', '2000-06-30', 'Belgique', '2023-05-23', 5, 7),
(36, 'Myrwn', 'Alex', 'Villarejo ', '2003-06-13', 'Espagne', '2024-01-04', 1, 8),
(37, 'Elyoya', 'Javier', 'Prades', '2000-03-13', 'Espagne', '2020-11-24', 2, 8),
(38, 'Fresskowy', 'Bartłomiej', 'Przewoźnik ', '1999-11-26', 'Pologne', '2024-01-04', 3, 8),
(39, 'Supa', 'David ', 'Garcia', '2000-10-23', 'Espagne', '2024-01-04', 4, 8),
(40, 'Alvaro', 'Alvaro Fernández', 'del Amo', '2003-07-15', 'Espagne', '2024-01-04', 5, 8),
(41, 'Wunder', 'Martin', 'Nordahl Hansen', '1998-11-09', 'Danemark', '2023-12-05', 1, 9),
(42, 'Jankos', 'Marcin', 'Jankowski', '1995-07-23', 'Pologne', '2022-12-10', 2, 9),
(43, 'Perkz', 'Luka', 'Perković', '1998-09-30', 'Croatie', '2023-12-05', 3, 9),
(44, 'Flakked', 'Victor', 'Lirola Tortosa', '2000-12-05', 'Espagne', '2023-05-31', 4, 9),
(45, 'Kaiser', 'Norman ', 'Kaiser', '1998-11-19', 'Allemagne', '2023-12-05', 5, 9),
(46, 'Szygenda', 'Mathias', 'Jensen', '2001-04-14', 'Danemark', '2023-11-22', 1, 10),
(47, 'Finn', 'Finn', 'Wiestål', '1999-06-03', 'Suédois', '2024-02-15', 1, 10),
(48, 'Markoon', 'Mark ', 'van Woensel', '2002-06-28', 'Pays-Bas', '2023-12-19', 2, 10),
(49, 'Larssen', 'Emil ', 'Larsson ', '2000-03-30', 'Suédois', '2023-11-22', 3, 10),
(50, 'Comp', 'Markos', 'Stamkopoulos', '2001-12-20', 'Grèce', '2023-11-22', 4, 10),
(51, 'Zoelys', 'Théo ', 'Le Scornec', '2003-05-16', 'France', '2023-12-20', 5, 10);


INSERT INTO joueur (id_joueur, pseudo, prenom, nom, date_naissance, nationalite, date_rejoindre, id_role, id_equipe) VALUES
(1, 'Adam', 'Adam', 'Maanane', '2001-12-30', 'France', '2022-12-20', 1, 1),
(2, 'Sheo', 'Théo', 'Borile', '2001-07-05', 'France', '2022-12-20', 2, 1),
(3, 'nuc', 'Ilias', 'Bizriken', '2002-10-02', 'France', '2021-12-20', 3, 1),
(4, 'Ice', 'Yoon ', 'Sang-hoon', '2001-04-09', 'Corée du Sud', '2023-12-22', 4, 1),
(5, 'Labrov', 'Labros', 'Papoutsakis', '2002-02-12', 'Grèce', '2022-12-20', 5, 1),
(6, 'Odoamne', 'Andrei ', 'Pascu ', '1995-01-18', 'Roumanie', '2023-12-14', 1, 2),
(7, 'Peach', 'Lee ', 'Min-gyu', '2000-03-28', 'Corée du Sud', '2024-02-21', 2, 2),
(8, 'Jackies', 'Adam', 'Jeřábek', '2004-10-06', 'Tchèque', '2023-12-14', 3, 2),
(9, 'Patrik', 'Patrik ', 'Jírů ', '2000-04-07', 'Tchèque', '2023-12-14', 4, 2),
(10, 'IgNar', 'Lee', 'Dong-geun', '1996-11-20', 'Corée du Sud', '2023-12-14', 5, 2),
(11, 'BrokenBlade', 'Sergen', 'Çelik', '2000-01-19', 'Allemagne', '2022-12-03', 1, 3),
(12, 'Yike', 'Martin', 'Sundelin', '2000-11-11', 'Suède', '2022-12-22', 2, 3),
(13, 'Caps', 'Rasmus', 'Borregaard Winther', '1999-11-17', 'Danemark', '2020-05-06', 3, 3),
(14, 'Hans sama', 'Steven', 'Liv', '1999-09-02', 'France', '2022-12-22', 4, 3),
(15, 'Mikyx', 'Mihael', 'Mehle', '1998-11-02', 'Slovénie', '2022-12-22', 5, 3),
(16, 'Photon', 'Kyeong', 'Gyu-tae', '2001-11-30', 'Corée du Sud', '2022-12-23', 1, 4),
(17, 'Daglas', 'Kacper', 'Dagiel', '2005-10-23', 'Pologne', '2023-12-19', 2, 4),
(18, 'Vetheo', 'Vincent', 'Berrié', '2002-07-26', 'France', '2023-12-19', 3, 4),
(19, 'Carzzy', 'Matyáš', 'Orság', '2002-01-31', 'Tchèque', '2023-12-19', 4, 4),
(20, 'Hylissang', 'Zdravets', 'Iliev Galabov', '1995-04-30', 'Bulgare', '2023-12-19', 5, 4),
(21, 'Irrelevant', 'Joel', 'Miro Scharoll', '2001-10-22', 'Allemagne', '2022-12-15', 1, 5),
(22, 'Isma', 'Ismaïl ', 'Boualem', NULL, 'Belgique', '2023-12-21', 2, 5),
(23, 'Nisqy', 'Yasin ', 'Dinçer ', '1998-07-28', 'BelgiUZ', '2023-12-21', 3, 5),
(24, 'Exakick', 'Thomas', 'Foucou', '2003-09-28', 'France', '2022-12-15', 4, 5),
(25, 'Doss', 'Mads', 'Schwartz', '1999-03-19', 'Danemark', '2022-12-15', 5, 5),
(26, 'Oscarinin', 'Óscar', 'Muñoz Jiménez', '2003-06-11', 'Espagne', '2023-03-02', 1, 6),
(27, 'Razork', 'Iván', 'Martín Díaz', '2000-10-07', 'Espagne', '2021-12-10', 2, 6),
(28, 'Humanoid', 'Marek', 'Brázda', '2000-03-14', 'Tchéque', '2022-01-01', 3, 6),
(29, 'Noah', 'Oh', 'Hyeon-taek', '2001-10-04', 'Corée du Sud', '2023-06-10', 4, 6),
(30, 'Jun', 'Yoon ', 'Se-jun', '2000-08-02', 'Corée du Sud', '2023-12-02', 5, 6),
(31, 'Cabochard', 'Lucas ', 'Simon-Meslet', '1997-04-15', 'France', '2021-05-29', 1, 7),
(32, 'Bo', 'Zhou ', 'Yangbo', '2002-04-22', 'Chine', '2024-01-03', 2, 7),
(33, 'Saken', 'Lucas', 'Fayard ', '1998-11-05', 'France', '2020-12-23', 3, 7),
(34, 'Upset', 'Elias', 'Lipp', '1999-12-16', 'Allemagne', '2024-01-03', 4, 7),
(35, 'Targamas', 'Raphaël', 'Crabbé', '2000-06-30', 'Belgique', '2023-05-23', 5, 7),
(36, 'Myrwn', 'Alex', 'Villarejo ', '2003-06-13', 'Espagne', '2024-01-04', 1, 8),
(37, 'Elyoya', 'Javier', 'Prades', '2000-03-13', 'Espagne', '2020-11-24', 2, 8),
(38, 'Fresskowy', 'Bartłomiej', 'Przewoźnik ', '1999-11-26', 'Pologne', '2024-01-04', 3, 8),
(39, 'Supa', 'David ', 'Garcia', '2000-10-23', 'Espagne', '2024-01-04', 4, 8),
(40, 'Alvaro', 'Alvaro Fernández', 'del Amo', '2003-07-15', 'Espagne', '2024-01-04', 5, 8),
(41, 'Wunder', 'Martin', 'Nordahl Hansen', '1998-11-09', 'Danemark', '2023-12-05', 1, 9),
(42, 'Jankos', 'Marcin', 'Jankowski', '1995-07-23', 'Pologne', '2022-12-10', 2, 9),
(43, 'Perkz', 'Luka', 'Perković', '1998-09-30', 'Croatie', '2023-12-05', 3, 9),
(44, 'Flakked', 'Victor', 'Lirola Tortosa', '2000-12-05', 'Espagne', '2023-05-31', 4, 9),
(45, 'Kaiser', 'Norman ', 'Kaiser', '1998-11-19', 'Allemagne', '2023-12-05', 5, 9),
(46, 'Szygenda', 'Mathias', 'Jensen', '2001-04-14', 'Danemark', '2023-11-22', 1, 10),
(47, 'Finn', 'Finn', 'Wiestål', '1999-06-03', 'Suédois', '2024-02-15', 1, 10),
(48, 'Markoon', 'Mark ', 'van Woensel', '2002-06-28', 'Pays-Bas', '2023-12-19', 2, 10),
(49, 'Larssen', 'Emil ', 'Larsson ', '2000-03-30', 'Suédois', '2023-11-22', 3, 10),
(50, 'Comp', 'Markos', 'Stamkopoulos', '2001-12-20', 'Grèce', '2023-11-22', 4, 10),
(51, 'Zoelys', 'Théo ', 'Le Scornec', '2003-05-16', 'France', '2023-12-20', 5, 10);